zaehler,nr,bezeichnung,standard_status,bdew_status,standard_maximale_wiederholungen,bdew_maximale_wiederholungen,ebene,inhalt
0010,00003,UNH,M,M,1,1,0,Nachrichten-Kopfsegment
0020,00004,BGM,M,M,1,1,0,Beginn der Nachricht
0030,00005,DTM,M,M,9,1,1,Nachrichtendatum
0030,00006,DTM,M,D,9,1,1,"Gültigkeit, Beginndatum"
0070,,SG1,C,D,9,1,1,Referenz auf eine vorangegangene Anfrage
0080,00007,RFF,M,M,1,1,1,Referenz auf eine vorangegangene Anfrage
0100,,SG2,C,R,99,1,1,MP-ID Absender
0110,00008,NAD,M,M,1,1,1,MP-ID Absender
0150,,SG3,C,O,9,1,2,Kontaktinformationen
0160,00009,CTA,M,M,1,1,2,Ansprechpartner
0170,00010,COM,C,R,9,5,3,Kommunikationsverbindung
0100,,SG2,C,R,99,1,1,MP-ID Empfänger
0110,00011,NAD,M,M,1,1,1,MP-ID Empfänger
0180,,SG4,C,D,99999,1,1,Identifikation einer Liste
0190,00012,IDE,M,M,1,1,1,Identifikation einer Liste
0250,00013,STS,C,D,9,1,2,Status der Antwort
0320,,SG5,C,D,999999,1,2,MaBiS-Zählpunkt
0330,00014,LOC,M,M,1,1,2,MaBiS-Zählpunkt
0350,,SG6,C,R,99,1,2,Prüfidentifikator
0360,00015,RFF,M,M,1,1,2,Prüfidentifikator
0350,,SG6,C,D,99,1,2,Referenz auf eine Liste
0360,00016,RFF,M,M,1,1,2,Referenzangaben
0410,,SG8,C,D,99999,1,2,Daten der Summenzeitreihe
0420,00017,SEQ,M,M,1,1,2,Daten der Summenzeitreihe
0430,00018,RFF,C,D,9,1,3,Versionsangabe der Summenzeitreihe
0500,,SG10,C,D,99,1,3,Bilanzkreis
0510,00019,CCI,M,R,1,1,3,Bilanzkreis
0180,,SG4,C,D,99999,99999,1,Vorgangs-Identifikation
0190,00020,IDE,M,M,1,1,1,Vorgang
0230,00021,DTM,C,D,99,1,2,Datum zum geplanten Leistungsbeginn
0230,00022,DTM,C,D,99,1,2,Datum und Uhrzeit der Übergabe
0230,00023,DTM,C,D,99,1,2,Beginn zum
0230,00024,DTM,C,D,99,1,2,Ende zum
0230,00025,DTM,C,D,99,1,2,Datum des bereits bestätigten Vertragsendes
0230,00026,DTM,C,D,99,1,2,"Änderung zum, Gültigkeit, Beginndatum"
0230,00027,DTM,C,D,99,1,2,Ende zum (nächstmöglichen Termin)
0230,00028,DTM,C,D,99,1,2,Bilanzierungsbeginn
0230,00029,DTM,C,D,99,1,2,Bilanzierungsende
0230,00030,DTM,C,D,99,1,2,ÜT der Lieferanmeldung des LFN
0230,00031,DTM,C,D,99,1,2,Kündigungsfrist des Vertrags
0230,00032,DTM,C,D,99,1,2,Kündigungstermin des Vertrags
0230,00033,DTM,C,D,99,1,2,Lieferbeginndatum in Bearbeitung
0230,00034,DTM,C,D,99,1,2,Datum für nächste Bearbeitung
0250,00035,STS,C,D,9,1,2,"Transaktionsgrund / Ergänzung / Transaktionsgrund
befristete Anmeldung"
0250,00036,STS,C,D,9,9,2,Status der Antwort
0250,00037,STS,C,D,9,9,2,Status der Antwort des dritten Marktbeteiligten
0280,00038,FTX,C,D,9,1,2,Bemerkung (Feld für allgemeine Hinweise)
0280,00039,FTX,C,D,9,1,2,Profilbeschreibung
0280,00040,FTX,C,D,9,1,2,Zieladresse URI
0280,00041,FTX,C,D,9,1,2,IP-Adresse des Absenders
0280,00042,FTX,C,D,9,1,2,IP-Range des Absenders
0280,00043,FTX,C,D,9,1,2,Zertifikatsaussteller (Issuer)
0280,00044,FTX,C,D,9,1,2,Zertifikatsnutzer (Subject)
0280,00045,FTX,C,D,9,1,2,IP-Adresse für das CLS-Device
0280,00046,FTX,C,D,9,1,2,Link zur Abtretungserklärung / Vollmacht vom Kunden
0290,00047,AGR,C,D,9,2,2,Beauftragung oder Beendigung liegt vor
0320,,SG5,C,D,999999,999999,2,Netzlokation
0330,00048,LOC,M,M,1,1,2,Netzlokation
0320,,SG5,C,D,999999,999999,2,Marktlokation
0330,00049,LOC,M,M,1,1,2,Marktlokation
0320,,SG5,C,D,999999,999999,2,Ruhende Marktlokation
0330,00050,LOC,M,M,1,1,2,Ruhende Marktlokation
0320,,SG5,C,D,999999,999999,2,Technische Ressource
0330,00051,LOC,M,M,1,1,2,Technische Ressource
0320,,SG5,C,D,999999,999999,2,Steuerbare Ressource
0330,00052,LOC,M,M,1,1,2,Steuerbare Ressource
0320,,SG5,C,D,999999,999999,2,Tranche
0330,00053,LOC,M,M,1,1,2,Tranche
0320,,SG5,C,D,999999,999999,2,Messlokation
0330,00054,LOC,M,M,1,1,2,Messlokation
0320,,SG5,C,D,999999,999999,2,MaBiS-Zählpunkt
0330,00055,LOC,M,M,1,1,2,MaBiS-Zählpunkt
0350,,SG6,C,D,99,1,2,Prüfidentifikator
0360,00056,RFF,M,M,1,1,2,Prüfidentifikator
0350,,SG6,C,D,99,1,2,Referenz Vorgangsnummer (aus Anfragenachricht)
0360,00057,RFF,M,M,1,1,2,Referenz Vorgangsnummer (aus Anfragenachricht)
0350,,SG6,C,D,99,1,2,Referenz auf zu stornierende Vorgangsnummer
0360,00058,RFF,M,M,1,1,2,Referenz auf zu stornierende Vorgangsnummer
0350,,SG6,C,D,99,1,2,Referenz auf eine vorangegangene Anfrage
0360,00059,RFF,M,M,1,1,2,Referenz auf eine vorangegangene Anfrage
0350,,SG6,C,D,99,1,2,"Referenznummer der Nachricht der betroffenen Antwort
auf Bestellung "
0360,00060,RFF,M,M,1,1,2,"Referenznummer der Nachricht der betroffenen Antwort
auf Bestellung "
0350,,SG6,C,D,99,99,2,"Referenznummer des Vorgangs der betroffenen Antwort
auf Bestellung"
0360,00061,RFF,M,M,1,1,2,"Referenznummer des Vorgangs der betroffenen Antwort
auf Bestellung"
0350,,SG6,C,D,99,1,2,Informativ zur Umsetzung geplantes Produktpaket
0360,00062,RFF,M,M,1,1,2,Informativ zur Umsetzung geplantes Produktpaket
0350,,SG6,C,D,99,1,2,"Prozessual ausgetauschte Termine aus Sicht der
beteiligten Marktrolle"
0360,00063,RFF,M,M,1,1,2,Referenz auf die Marktlokation / Tranche
0370,00064,DTM,C,D,9,1,3,Bilanzierungsbeginn aus Daten der beteiligten Marktrolle
0370,00065,DTM,C,D,9,1,3,Bilanzierungsende aus Daten der beteiligten Marktrolle
0350,,SG6,C,D,99,99,2,Verwendungszeitraum der Daten
0360,00066,RFF,M,M,1,1,2,Verwendungszeitraum der Daten
0370,00067,DTM,C,D,9,1,3,Verwendung der Daten ab
0370,00068,DTM,C,D,9,1,3,Verwendung der Daten bis
0350,,SG6,C,D,99,99,2,Termine der Marktlokation
0360,00069,RFF,M,M,1,1,2,Termine der Marktlokation
0370,00070,DTM,C,D,9,1,3,Turnusablesung des MSB
0370,00071,DTM,C,D,9,1,3,Termin der Netznutzungsabrechnung
0370,00072,DTM,C,D,9,1,3,Nächste Netznutzungsabrechnung
0370,00073,DTM,C,D,9,1,3,Netznutzungsabrechnungsintervall des NB
0410,,SG8,C,D,99999,99999,2,Referenz auf die Lokationsbündelstruktur
0420,00074,SEQ,M,M,1,1,2,Referenz auf die Lokationsbündelstruktur
0430,00075,RFF,C,R,9,1,3,Referenz auf die Lokationsbündelstruktur
0410,,SG8,C,D,99999,99999,2,"Zuordnung Lokation zum Objektcode des
Lokationsbündels"
0420,00076,SEQ,M,M,1,1,2,"Zuordnung Lokation zum Objektcode des
Lokationsbündels"
0430,00077,RFF,C,R,9,1,3,"Referenz auf die ID der Netzlokation / Marktlokation /
Messlokation / Technischen Ressource"
0430,00078,RFF,C,R,9,1,3,"Referenz auf den Objektcode in der
Lokationsbündelstruktur"
0430,00079,RFF,C,D,9,9,3,"Referenz auf die ID der vorgelagerten Netzlokation /
Messlokation "
0430,00080,RFF,C,D,9,2,3,"Referenz auf die der Technischen Ressource
zugeordneten Marktlokation "
0410,,SG8,C,D,99999,99999,2,Bestandteil eines Produktpakets
0420,00081,SEQ,M,M,1,1,2,Bestandteil eines Produktpakets
0440,00082,PIA,C,R,9,1,3,Erforderliches Produkt
0500,,SG10,C,R,99,1,3,Produkteigenschaft 
0510,00083,CCI,M,R,1,1,3,Produkteigenschaft
0520,00084,CAV,C,D,99,1,4,Code der Produkteigenschaft
0520,00085,CAV,C,D,99,1,4,Wertedetails zum Produkt
0410,,SG8,C,D,99999,5,2,Priorisierung erforderliches Produktpaket
0420,00086,SEQ,M,M,1,1,2,Priorisierung erforderliches Produktpaket
0500,,SG10,C,R,99,1,3,Priorisierung erforderliches Produktpaket
0510,00087,CCI,M,R,1,1,3,Umsetzungsgradvorgabe des Produktpakets
0520,00088,CAV,C,D,99,1,4,Priorisierung erforderliches Produktpaket
0410,,SG8,C,D,99999,99999,2,Daten der Netzlokation
0420,00089,SEQ,M,M,1,1,2,Daten der Netzlokation
0430,00090,RFF,C,D,9,1,3,Referenz auf die ID der Netzlokation
0500,,SG10,C,D,99,1,3,Steuerkanal
0510,00091,CCI,M,M,1,1,3,Steuerkanal
0500,,SG10,C,D,99,1,3,Zugeordnete Marktpartner
0510,00092,CCI,M,M,1,1,3,Zugeordnete Marktpartner
0520,00093,CAV,C,R,99,1,4,Messstellenbetreiber
0410,,SG8,C,D,99999,99999,2,Abrechnungsdaten der Netzlokation
0420,00094,SEQ,M,M,1,1,2,Abrechnungsdaten der Netzlokation
0440,00095,PIA,C,D,9,1,3,Artikel-ID
0500,,SG10,C,D,99,1,3,Abrechnung Blindarbeit
0510,00096,CCI,M,M,1,1,3,Abrechnung Blindarbeit
0520,00097,CAV,C,D,99,1,4,Zahler der Blindarbeit
0500,,SG10,C,D,99,1,3,Zahlung der Blindarbeit durch Lieferanten
0510,00098,CCI,M,M,1,1,3,Zahlung der Blindarbeit durch Lieferanten
0410,,SG8,C,D,99999,99999,2,OBIS-Daten der Netzlokation
0420,00099,SEQ,M,M,1,1,2,OBIS-Daten der Netzlokation
0430,00100,RFF,C,D,9,1,3,Referenz auf die ID der Netzlokation
0440,00101,PIA,C,R,9,1,3,OBIS-Kennzahl der Netzlokation
0500,,SG10,C,D,99,1,3,Produkt-Daten für Netzbetreiber relevant
0510,00102,CCI,M,M,1,1,3,Produkt-Daten für Netzbetreiber relevant
0520,00103,CAV,C,R,99,1,4,Verwendungszweck der Werte
0500,,SG10,C,D,99,1,3,Produkt-Daten für Lieferant relevant
0510,00104,CCI,M,M,1,1,3,Produkt-Daten für Lieferant relevant
0520,00105,CAV,C,R,99,2,4,Verwendungszweck der Werte
0410,,SG8,C,D,99999,99999,2,Produkt-Daten der Netzlokation
0420,00106,SEQ,M,M,1,1,2,Produkt-Daten der Netzlokation
0430,00107,RFF,C,D,9,1,3,Referenz auf die ID der Netzlokation
0440,00108,PIA,C,D,9,1,3,Produkt-Daten der Netzlokation
0500,,SG10,C,D,99,1,3,Details zum Produkt der Netzlokation
0510,00109,CCI,M,M,1,1,3,Details zum Produkt der Netzlokation
0500,,SG10,C,D,99,1,3,Zugeordnete Leistungskurvendefinition
0510,00110,CCI,M,M,1,1,3,Zugeordnete Leistungskurvendefinition
0500,,SG10,C,D,99,1,3,Auftraggebender Marktpartner
0510,00111,CCI,M,M,1,1,3,Auftraggebender Marktpartner
0520,00112,CAV,C,D,99,1,4,Auftraggebender Marktpartner
0500,,SG10,C,D,99,2,3,Produkt-Daten für Marktrolle relevant
0510,00113,CCI,M,M,1,1,3,Produkt-Daten für Marktrolle relevant
0410,,SG8,C,D,99999,99999,2,Daten der Marktlokation
0420,00114,SEQ,M,M,1,1,2,Daten der Marktlokation
0430,00115,RFF,C,D,9,1,3,Referenz auf die ID der Marktlokation
0450,,SG9,C,D,99,1,3,"Arbeit / Leistung für tagesparameterabhängige
Marktlokation"
0460,00116,QTY,M,M,1,1,3,"Arbeit / Leistung für tagesparameterabhängige
Marktlokation"
0450,,SG9,C,D,99,1,3,Veranschlagte Jahresmenge gesamt
0460,00117,QTY,M,M,1,1,3,Veranschlagte Jahresmenge gesamt
0450,,SG9,C,D,99,1,3,Tatsächlich bilanzierte Energiemenge
0460,00118,QTY,M,M,1,1,3,Tatsächlich bilanzierte Energiemenge
0450,,SG9,C,D,99,1,3,Tatsächlich bilanzierte Ausfallarbeit
0460,00119,QTY,M,M,1,1,3,Tatsächlich bilanzierte Ausfallarbeit
0450,,SG9,C,D,99,1,3,Vorjahresverbrauch vom Lieferant
0460,00120,QTY,M,M,1,1,3,Vorjahresverbrauch vom Lieferant
0500,,SG10,C,D,99,1,3,Lieferrichtung
0510,00121,CCI,M,M,1,1,3,Lieferrichtung
0500,,SG10,C,D,99,1,3,Zugeordnete Marktpartner
0510,00122,CCI,M,M,1,1,3,Zugeordnete Marktpartner
0520,00123,CAV,C,D,99,1,4,Lieferant
0520,00124,CAV,C,D,99,1,4,Übertragungsnetzbetreiber
0520,00125,CAV,C,D,99,1,4,Messstellenbetreiber
0500,,SG10,C,D,99,1,3,Regelzone
0510,00126,CCI,M,M,1,1,3,Regelzone
0500,,SG10,C,D,99,1,3,Bilanzkreis
0510,00127,CCI,M,M,1,1,3,Bilanzkreis
0500,,SG10,C,D,99,1,3,Bilanzierungsgebiet
0510,00128,CCI,M,M,1,1,3,Bilanzierungsgebiet
0500,,SG10,C,D,99,1,3,"Verbrauchsaufteilung für temperaturabhängige
Marktlokation"
0510,00129,CCI,M,M,1,1,3,"Verbrauchsaufteilung für temperaturabhängige
Marktlokation"
0520,00130,CAV,C,R,99,1,4,"Verbrauchsaufteilung für temperaturabhängige
Marktlokation"
0500,,SG10,C,D,99,2,3,Zeitreihentyp
0510,00131,CCI,M,M,1,1,3,Zeitreihentyp
0520,00132,CAV,C,R,99,1,4,Zeitreihentyp
0500,,SG10,C,D,99,1,3,Spannungsebene der Marktlokation
0510,00133,CCI,M,M,1,1,3,Spannungsebene der Marktlokation
0520,00134,CAV,C,R,99,1,4,Spannungsebene der Marktlokation
0520,00135,CAV,C,D,99,1,4,Umspannung der Marktlokation
0500,,SG10,C,D,99,1,3,Messtechnische Einordnung der Marktlokation
0510,00136,CCI,M,M,1,1,3,Messtechnische Einordnung der Marktlokation
0520,00137,CAV,C,R,99,1,4,Messtechnische Einordnung der Marktlokation
0500,,SG10,C,D,99,1,3,Aggregationsverantwortung in MaBiS
0510,00138,CCI,M,M,1,1,3,Aggregationsverantwortung in MaBiS
0500,,SG10,C,D,99,1,3,"Bereits ausgetauschte Aggregationsverantwortung in
MaBiS"
0510,00139,CCI,M,M,1,1,3,"Bereits ausgetauschte Aggregationsverantwortung in
MaBiS"
0500,,SG10,C,D,99,1,3,Prognosegrundlage der Marktlokation
0510,00140,CCI,M,M,1,1,3,Prognosegrundlage der Marktlokation
0520,00141,CAV,C,D,99,2,4,Details der Prognosegrundlage
0500,,SG10,C,D,99,1,3,Art der erzeugenden Marktlokation
0510,00142,CCI,M,M,1,1,3,Art der erzeugenden Marktlokation
0520,00143,CAV,C,R,99,1,4,Art der erzeugenden Marktlokation 
0500,,SG10,C,D,99,1,3,Gruppenzuordnung (nach EnWG) 
0510,00144,CCI,M,M,1,1,3,Gruppenzuordnung (nach EnWG) 
0500,,SG10,C,D,99,1,3,Netznutzung
0510,00145,CCI,M,M,1,1,3,Netznutzung
0520,00146,CAV,C,R,99,1,4,Netznutzungsvertrag
0520,00147,CAV,C,D,99,1,4,Zahlung der Netznutzung
0520,00148,CAV,C,D,99,1,4,Grundlage der Lieferscheinprüfung
0500,,SG10,C,D,99,1,3,Empfänger der Vergütung zur Einspeisung
0510,00149,CCI,M,M,1,1,3,Empfänger der Vergütung zur Einspeisung
0520,00150,CAV,C,R,99,1,4,Empfänger der Vergütung zur Einspeisung
0500,,SG10,C,D,99,1,3,Veräußerungsform der erzeugenden Marktlokation
0510,00151,CCI,M,M,1,1,3,Veräußerungsungsform der erzeugenden Marktlokation
0500,,SG10,C,D,99,1,3,Land der Förderung
0510,00152,CCI,M,M,1,1,3,Land der Förderung
0500,,SG10,C,D,99,1,3,Status der Fernsteuerbarkeit
0510,00153,CCI,M,M,1,1,3,Status der Fernsteuerbarkeit
0500,,SG10,C,D,99,1,3,Versorgungsart der Marktlokation
0510,00154,CCI,M,M,1,1,3,Versorgungsart der Marktlokation
0500,,SG10,C,D,99,1,3,Betriebszustand der Marktlokation
0510,00155,CCI,M,M,1,1,3,Betriebszustand der Marktlokation
0500,,SG10,C,D,99,1,3,Abwicklungsmodell
0510,00156,CCI,M,M,1,1,3,Abwicklungsmodell
0500,,SG10,C,D,99,1,3,Paket-ID
0510,00157,CCI,M,M,1,1,3,Paket-ID
0410,,SG8,C,D,99999,1,2,Daten der Marktlokation der beteiligten Marktrolle
0420,00158,SEQ,M,M,1,1,2,Daten der Marktlokation der beteiligten Marktrolle
0430,00159,RFF,C,R,9,1,3,Referenz auf die ID der Marktlokation
0450,,SG9,C,D,99,1,3,Veranschlagte Jahresmenge gesamt
0460,00160,QTY,M,M,1,1,3,Veranschlagte Jahresmenge gesamt
0450,,SG9,C,D,99,1,3,Tatsächlich bilanzierte Energiemenge
0460,00161,QTY,M,M,1,1,3,Tatsächlich bilanzierte Energiemenge
0500,,SG10,C,D,99,1,3,Regelzone
0510,00162,CCI,M,M,1,1,3,Regelzone
0500,,SG10,C,D,99,1,3,Bilanzkreis
0510,00163,CCI,M,M,1,1,3,Bilanzkreis
0500,,SG10,C,D,99,1,3,Bilanzierungsgebiet
0510,00164,CCI,M,M,1,1,3,Bilanzierungsgebiet
0500,,SG10,C,D,99,2,3,Zeitreihentyp
0510,00165,CCI,M,M,1,1,3,Zeitreihentyp
0520,00166,CAV,C,R,99,1,4,Zeitreihentyp
0500,,SG10,C,D,99,1,3,Aggregationsverantwortung in MaBiS
0510,00167,CCI,M,M,1,1,3,Aggregationsverantwortung in MaBiS
0500,,SG10,C,D,99,1,3,Prognosegrundlage der Marktlokation
0510,00168,CCI,M,M,1,1,3,Prognosegrundlage der Marktlokation
0520,00169,CAV,C,D,99,2,4,Details der Prognosegrundlage
0410,,SG8,C,D,99999,99999,2,Netznutzungsabrechnungsdaten der Marktlokation
0420,00170,SEQ,M,M,1,1,2,Netznutzungsabrechnungsdaten der Marktlokation
0440,00171,PIA,C,D,9,1,3,Gruppenartikel-ID / Artikel-ID
0450,,SG9,C,D,99,1,3,"Anzahl in der NNA abzurechenden Positionen der
Gruppenartikel-ID / Artikel-ID"
0460,00172,QTY,M,M,1,1,3,"Anzahl in der NNA abzurechenden Positionen der
Gruppenartikel-ID / Artikel-ID"
0450,,SG9,C,R,99,1,3,Gemeinderabatt
0460,00173,QTY,M,M,1,1,3,Gemeinderabatt
0450,,SG9,C,R,99,1,3,Zuschlag oder Abschlag
0460,00174,QTY,M,M,1,1,3,Zuschlag oder Abschlag
0450,,SG9,C,D,99,1,3,Daten der Singulär genutzten Betriebsmittel
0460,00175,QTY,M,M,1,1,3,Menge der Singulär genutzten Betriebsmittel
0500,,SG10,C,D,99,1,3,Preisangabe für Singulär genutzte Betriebsmittel
0510,00176,CCI,M,M,1,1,3,Preisangabe für Singulär genutzte Betriebsmittel
0500,,SG10,C,D,99,1,3,Zugeordnete Zählzeitdefinition
0510,00177,CCI,M,M,1,1,3,Zugeordnete Zählzeitdefinition
0500,,SG10,C,D,99,99,3,Zugeordnetes Zählzeitregister 
0510,00178,CCI,M,M,1,1,3,Zugeordnetes Zählzeitregister 
0500,,SG10,C,D,99,1,3,Zugeordnete Marktpartner
0510,00179,CCI,M,M,1,1,3,Zugeordnete Marktpartner
0520,00180,CAV,C,R,99,1,4,Netzbetreiber
0410,,SG8,C,D,99999,99999,2,"Messstellenbetriebsabrechnungsdaten der
Marktlokation"
0420,00181,SEQ,M,M,1,1,2,Messstellenbetriebsabrechnungsdaten der Marktlokation
0440,00182,PIA,C,R,9,1,3,Gruppenartikel-ID / Artikel-ID
0450,,SG9,C,D,99,1,3,"Anzahl in der Messstellenbetriebsabrechnung
abzurechenden Positionen der Gruppenartikel-ID /
Artikel-ID"
0460,00183,QTY,M,M,1,1,3,"Anzahl in der Messstellenbetriebsabrechnung
abzurechenden Positionen der Gruppenartikel-ID /
Artikel-ID"
0450,,SG9,C,D,99,1,3,Abschlag
0460,00184,QTY,M,M,1,1,3,Abschlag
0410,,SG8,C,D,99999,99999,2,Erforderliches Messprodukt der Marktlokation
0420,00185,SEQ,M,M,1,1,2,Erforderliches Messprodukt der Marktlokation
0430,00186,RFF,C,R,9,1,3,Referenz auf die ID der Marktlokation
0440,00187,PIA,C,R,9,1,3,Erforderliches Messprodukt der Marktlokation
0500,,SG10,C,D,99,1,3,Zugeordnete Zählzeitdefinition
0510,00188,CCI,M,M,1,1,3,Zugeordnete Zählzeitdefinition
0500,,SG10,C,D,99,1,3,Messprodukt für Netzbetreiber relevant
0510,00189,CCI,M,M,1,1,3,Messprodukt für Netzbetreiber relevant
0520,00190,CAV,C,R,99,2,4,Verwendungszweck des Wertes
0500,,SG10,C,D,99,1,3,Messprodukt für Lieferant relevant
0510,00191,CCI,M,M,1,1,3,Messprodukt für Lieferant relevant
0520,00192,CAV,C,R,99,3,4,Verwendungszweck des Wertes
0500,,SG10,C,D,99,1,3,Messprodukt für Übertragungsnetzbetreiber relevant
0510,00193,CCI,M,M,1,1,3,Messprodukt für Übertragungsnetzbetreiber relevant
0520,00194,CAV,C,R,99,2,4,Verwendungszweck des Wertes
0410,,SG8,C,D,99999,99999,2,OBIS-Daten der Marktlokation
0420,00195,SEQ,M,M,1,1,2,OBIS-Daten der Marktlokation
0430,00196,RFF,C,D,9,1,3,Referenz auf die ID der Marktlokation
0440,00197,PIA,C,R,9,1,3,OBIS-Kennzahl der Marktlokation
0500,,SG10,C,D,99,1,3,Wertegranularität
0510,00198,CCI,M,M,1,1,3,Wertegranularität
0520,00199,CAV,C,R,99,1,4,Wertegranularität
0500,,SG10,C,D,99,1,3,Zugeordnete Zählzeitdefinition
0510,00200,CCI,M,M,1,1,3,Zugeordnete Zählzeitdefinition
0500,,SG10,C,D,99,1,3,Zugeordnetes Zählzeitregister 
0510,00201,CCI,M,M,1,1,3,Zugeordnetes Zählzeitregister 
0500,,SG10,C,D,99,1,3,OBIS Daten für Netzbetreiber relevant
0510,00202,CCI,M,M,1,1,3,OBIS Daten für Netzbetreiber relevant
0520,00203,CAV,C,R,99,2,4,Verwendungszweck der Werte
0500,,SG10,C,D,99,1,3,OBIS Daten für Lieferant relevant
0510,00204,CCI,M,M,1,1,3,OBIS Daten für Lieferant relevant
0520,00205,CAV,C,R,99,3,4,Verwendungszweck der Werte
0500,,SG10,C,D,99,1,3,OBIS Daten für Übertragungsnetzbetreiber relevant
0510,00206,CCI,M,M,1,1,3,OBIS Daten für Übertragungsnetzbetreiber relevant
0520,00207,CAV,C,R,99,2,4,Verwendungszweck der Werte
0410,,SG8,C,D,99999,99999,2,Produkt-Daten der Marktlokation
0420,00208,SEQ,M,M,1,1,2,Produkt-Daten der Marktlokation
0430,00209,RFF,C,D,9,1,3,Referenz auf die ID der Marktlokation
0440,00210,PIA,C,D,9,1,3,Produkt-Daten der Marktlokation
0500,,SG10,C,D,99,1,3,Details zum Produkt der Marktlokation
0510,00211,CCI,M,M,1,1,3,Details zum Produkt der Marktlokation
0500,,SG10,C,R,99,1,3,Zugeordnete Definition
0510,00212,CCI,M,M,1,1,3,Zugeordnete Definition
0500,,SG10,C,D,99,2,3,Produkt-Daten für Marktrolle relevant
0510,00213,CCI,M,M,1,1,3,Produkt-Daten für Marktrolle relevant
0410,,SG8,C,D,99999,99999,2,"Verbrauchsart und Nutzung der OBIS-Kennzahl der
Marktlokation"
0420,00214,SEQ,M,M,1,1,2,"Verbrauchsart und Nutzung der OBIS-Kennzahl der
Marktlokation"
0430,00215,RFF,C,R,9,9,3,Referenz auf die OBIS-Kennzahl der Marktlokation
0500,,SG10,C,R,99,1,3,Verbrauchsart und Nutzung der OBIS-Kennzahl
0510,00216,CCI,M,M,1,1,3,"Verbrauchsart und Nutzung an der OBIS-Kennzahl der
Marktlokation"
0520,00217,CAV,C,R,99,5,4,Verbrauchsart
0520,00218,CAV,C,R,99,1,4,Unterbrechbarkeit
0520,00219,CAV,C,D,99,1,4,Wärme-/Kältenutzung
0520,00220,CAV,C,D,99,1,4,Art der E-Mobilität
0410,,SG8,C,D,99999,99999,2,OBIS-Daten der Marktlokation der beteiligten Marktrolle
0420,00221,SEQ,M,M,1,1,2,OBIS-Daten der Marktlokation der beteiligten Marktrolle
0440,00222,PIA,C,R,9,1,3,OBIS-Kennzahl der Marktlokation
0410,,SG8,C,D,99999,99999,2,Produkt-Daten der Marktlokation des NB
0420,00223,SEQ,M,M,1,1,2,Produkt-Daten der Marktlokation des NB
0440,00224,PIA,C,D,9,1,3,Produktidentifikation der Marktlokation
0410,,SG8,C,D,99999,99999,2,Daten der Tranche
0420,00225,SEQ,M,M,1,1,2,Daten der Tranche
0430,00226,RFF,C,D,9,1,3,Referenz auf die ID der Tranche
0430,00227,RFF,C,D,9,1,3,Referenz auf die Marktlokation der Tranche 
0450,,SG9,C,D,99,1,3,Tatsächlich bilanzierte Energiemenge
0460,00228,QTY,M,M,1,1,3,Tatsächlich bilanzierte Energiemenge
0450,,SG9,C,D,99,1,3,Tranchengröße
0460,00229,QTY,M,M,1,1,3,"Prozentualer Anteil der Tranche an der erzeugenden
Marktlokation"
0500,,SG10,C,D,99,1,3,Zugeordnete Marktpartner
0510,00230,CCI,M,M,1,1,3,Zugeordnete Marktpartner
0520,00231,CAV,C,R,99,1,4,Lieferant
0500,,SG10,C,D,99,1,3,Bilanzkreis
0510,00232,CCI,M,M,1,1,3,Bilanzkreis
0500,,SG10,C,D,99,1,3,Empfänger der Vergütung zur Einspeisung
0510,00233,CCI,M,M,1,1,3,Empfänger der Vergütung zur Einspeisung
0520,00234,CAV,C,R,99,1,4,Empfänger der Vergütung zur Einspeisung
0500,,SG10,C,D,99,1,3,Basis zur Bildung der Tranchengröße
0510,00235,CCI,M,M,1,1,3,Basis zur Bildung der Tranchengröße
0410,,SG8,C,D,99999,99999,2,Daten der Tranche der beteiligten Marktrolle
0420,00236,SEQ,M,M,1,1,2,Daten der Tranche der beteiligten Marktrolle
0500,,SG10,C,R,99,1,3,Bilanzkreis
0510,00237,CCI,M,M,1,1,3,Bilanzkreis
0410,,SG8,C,D,99999,99999,2,Erforderliches Messprodukt der Tranche
0420,00238,SEQ,M,M,1,1,2,Erforderliches Messprodukt der Tranche
0430,00239,RFF,C,R,9,1,3,Referenz auf die ID der Tranche
0440,00240,PIA,C,R,9,1,3,Erforderliches Messprodukt der Tranche
0500,,SG10,C,D,99,1,3,Messprodukt für Netzbetreiber relevant
0510,00241,CCI,M,M,1,1,3,Werte für Netzbetreiber relevant
0520,00242,CAV,C,R,99,2,4,Verwendungszweck der Werte
0500,,SG10,C,D,99,1,3,Messprodukt für Lieferant relevant
0510,00243,CCI,M,M,1,1,3,Werte für Lieferant relevant
0520,00244,CAV,C,R,99,2,4,Verwendungszweck der Werte
0500,,SG10,C,R,99,1,3,Messprodukt für Übertragungsnetzbetreiber relevant
0510,00245,CCI,M,M,1,1,3,Werte für Übertragungsnetzbetreiber relevant
0520,00246,CAV,C,R,99,2,4,Verwendungszweck der Werte
0410,,SG8,C,D,99999,99999,2,OBIS-Daten der Tranche
0420,00247,SEQ,M,M,1,1,2,OBIS-Daten der Tranche
0430,00248,RFF,C,D,9,1,3,Referenz auf die ID einer Tranche
0440,00249,PIA,C,R,9,1,3,OBIS-Kennzahl der Tranche
0500,,SG10,C,D,99,1,3,OBIS Daten für Netzbetreiber relevant
0510,00250,CCI,M,M,1,1,3,OBIS Daten für Netzbetreiber relevant
0520,00251,CAV,C,R,99,2,4,Verwendungszweck der Werte
0500,,SG10,C,D,99,1,3,OBIS Daten für Lieferant relevant
0510,00252,CCI,M,M,1,1,3,OBIS Daten für Lieferant relevant
0520,00253,CAV,C,R,99,2,4,Verwendungszweck der Werte
0500,,SG10,C,D,99,1,3,OBIS Daten für Übertragungsnetzbetreiber relevant
0510,00254,CCI,M,M,1,1,3,OBIS Daten für Übertragungsnetzbetreiber relevant
0520,00255,CAV,C,R,99,2,4,Verwendungszweck der Werte
0410,,SG8,C,D,99999,99999,2,OBIS-Daten der Tranche der beteiligten Marktrolle
0420,00256,SEQ,M,M,1,1,2,OBIS-Daten der Tranche der beteiligten Marktrolle
0440,00257,PIA,C,R,9,1,3,OBIS-Kennzahl der Tranche
0410,,SG8,C,D,99999,99999,2,Daten der Technischen Ressource
0420,00258,SEQ,M,M,1,1,2,Daten der Technischen Ressource
0430,00259,RFF,C,D,9,1,3,Referenz auf die ID der Technischen Ressource
0430,00260,RFF,C,D,9,9,3,Referenz auf die ID der vorgelagerten Messlokation 
0430,00261,RFF,C,D,9,2,3,"Referenz auf die der Technischen Ressource
zugeordneten Marktlokation "
0430,00262,RFF,C,D,9,1,3,"Referenz auf die der Technischen Ressource
zugeordneten Steuerbaren Ressource"
0430,00263,RFF,C,D,9,1,3,"Referenz auf die der Technischen Ressource
zugeordneten Netzlokation"
0450,,SG9,C,D,99,1,3,Nennleistung (Aufnahme)
0460,00264,QTY,M,M,1,1,3,Nennleistung (Aufnahme)
0450,,SG9,C,D,99,1,3,Nennleistung (Abgabe)
0460,00265,QTY,M,M,1,1,3,Nennleistung (Abgabe)
0450,,SG9,C,D,99,1,3,Speicherkapazität
0460,00266,QTY,M,M,1,1,3,Speicherkapazität
0500,,SG10,C,R,99,1,3,Art und Nutzung der Technischen Ressource
0510,00267,CCI,M,M,1,1,3,Art und Nutzung der Technischen Ressource
0520,00268,CAV,C,D,99,5,4,Verbrauchsart
0520,00269,CAV,C,D,99,1,4,Wärme-/Kältenutzung
0520,00270,CAV,C,D,99,1,4,Art der E-Mobilität
0520,00271,CAV,C,D,99,1,4,Erzeugungsart
0520,00272,CAV,C,D,99,1,4,Speicherart
0520,00273,CAV,C,D,99,1,4,Kategorie der verbrauchenden Technischen Ressource
0520,00274,CAV,C,D,99,1,4,"Inbetriebsetzungsdatum der verbrauchenden
Technischen Ressource nach § 14a EnWG"
0520,00275,CAV,C,D,99,1,4,"Einordnung der verbrauchenden Technischen Ressource
nach § 14a EnWG mit Inbetriebsetzung vor 2024"
0500,,SG10,C,D,99,1,3,Information zu weiteren technischen Einrichtungen
0510,00276,CCI,M,M,1,1,3,Information zu weiteren technischen Einrichtungen
0520,00277,CAV,C,R,99,1,4,Information zu weiteren technischen Einrichtungen
0410,,SG8,C,D,99999,99999,2,Daten der Steuerbaren Ressource
0420,00278,SEQ,M,M,1,1,2,Daten der Steuerbaren Ressource
0430,00279,RFF,C,D,9,1,3,Referenz auf die ID der Steuerbaren Ressource
0500,,SG10,C,D,99,1,3,Steuerkanal
0510,00280,CCI,M,M,1,1,3,Steuerkanal
0520,00281,CAV,C,R,99,1,4,Leistungsbeschreibung des Steuerkanals
0500,,SG10,C,D,99,1,3,Zugeordnete Marktpartner
0510,00282,CCI,M,M,1,1,3,Zugeordnete Marktpartner
0520,00283,CAV,C,R,99,1,4,Messstellenbetreiber
0410,,SG8,C,D,99999,99999,2,Produkt-Daten der Steuerbaren Ressource
0420,00284,SEQ,M,M,1,1,2,Produkt-Daten der Steuerbaren Ressource
0430,00285,RFF,C,D,9,1,3,Referenz auf die ID der Steuerbaren Ressource
0440,00286,PIA,C,R,9,1,3,Produkt-Daten der Steuerbaren Ressource
0500,,SG10,C,R,99,1,3,Zugeordnete Definition
0510,00287,CCI,M,M,1,1,3,Zugeordnete Definition
0500,,SG10,C,D,99,1,3,Auftraggebender Marktpartner
0510,00288,CCI,M,M,1,1,3,Auftraggebender Marktpartner
0520,00289,CAV,C,D,99,1,4,Auftraggebender Marktpartner
0500,,SG10,C,D,99,2,3,Produkt-Daten für Marktrolle relevant
0510,00290,CCI,M,M,1,1,3,Produkt-Daten für Marktrolle relevant
0410,,SG8,C,D,99999,99999,2,Daten der Messlokation
0420,00291,SEQ,M,M,1,1,2,Daten der Messlokation
0430,00292,RFF,C,D,9,1,3,Referenz auf die ID der Messlokation
0430,00293,RFF,C,D,9,9,3,"Referenz auf die der Messlokation zugeordneten
Marktlokation "
0430,00294,RFF,C,D,9,1,3,Abrechnung des Messstellenbetriebs über NNE
0500,,SG10,C,D,99,1,3,Zugeordnete Marktpartner
0510,00295,CCI,M,M,1,1,3,Zugeordnete Marktpartner
0520,00296,CAV,C,D,99,1,4,Messstellenbetreiber
0520,00297,CAV,C,D,99,1,4,Grundzuständiger Messstellenbetreiber
0520,00298,CAV,C,D,99,1,4,Messstellenbetreiber Alt
0500,,SG10,C,D,99,1,3,Spannungsebene der Messlokation
0510,00299,CCI,M,M,1,1,3,Spannungsebene der Messlokation
0520,00300,CAV,C,R,99,1,4,Spannungsebene der Messlokation
0500,,SG10,C,D,99,1,3,Verwendungsumfang
0510,00301,CCI,M,M,1,1,3,Verwendungsumfang
0500,,SG10,C,D,99,1,3,Betriebszustand der Messlokation
0510,00302,CCI,M,M,1,1,3,Betriebszustand der Messlokation
0410,,SG8,C,D,99999,99999,2,Erforderliches Messprodukt der Messlokation
0420,00303,SEQ,M,M,1,1,2,Erforderliches Messprodukt der Messlokation
0430,00304,RFF,C,R,9,1,3,Referenz auf die ID einer Messlokation
0430,00305,RFF,C,D,9,9,3,Referenz auf die ID einer Marktlokation
0440,00306,PIA,C,R,9,1,3,Erforderliches Messprodukt der Messlokation
0500,,SG10,C,R,99,1,3,Weitere Beschreibung erforderliches Messprodukt
0510,00307,CCI,M,M,1,1,3,Weitere Beschreibung erforderliches Messprodukt
0520,00308,CAV,C,R,99,1,4,Notwendigkeit einer zweiten Messung
0520,00309,CAV,C,R,99,1,4,"Werteübermittlung an den NB aufgrund weiterem
Verwendungszweck"
0500,,SG10,C,D,99,1,3,Zugeordnete Zählzeitdefinition
0510,00310,CCI,M,M,1,1,3,Zugeordnete Zählzeitdefinition
0410,,SG8,C,D,99999,99999,2,Zähleinrichtungsdaten
0420,00311,SEQ,M,M,1,1,2,Zähleinrichtungsdaten
0430,00312,RFF,C,D,9,1,3,Referenz auf die ID einer Messlokation
0430,00313,RFF,C,D,9,1,3,Referenz auf das Smartmeter-Gateway
0500,,SG10,C,D,99,1,3,Zähleinrichtung
0510,00314,CCI,M,M,1,1,3,Zählertyp
0520,00315,CAV,C,D,99,1,4,Zählertyp
0520,00316,CAV,C,R,99,1,4,Identifikation / Nummer des Gerätes
0520,00317,CAV,C,D,99,1,4,Registeranzahl
0520,00318,CAV,C,D,99,1,4,Energierichtung
0520,00319,CAV,C,D,99,1,4,Fernschaltung der Zähleinrichtung
0500,,SG10,C,D,99,1,3,Befestigungsart
0510,00320,CCI,M,M,1,1,3,Befestigungsart Zähleinrichtung
0520,00321,CAV,C,R,99,1,4,Befestigungsart Zähleinrichtung
0500,,SG10,C,D,99,1,3,Messwerterfassung an der Zähleinrichtung
0510,00322,CCI,M,M,1,1,3,Messwerterfassung an der Zähleinrichtung
0520,00323,CAV,C,R,99,1,4,Messwerterfassung an der Zähleinrichtung
0410,,SG8,C,D,99999,99999,2,OBIS-Daten der Zähleinrichtung / Smartmeter-Gateway
0420,00324,SEQ,M,M,1,1,2,OBIS-Daten der Zähleinrichtung / Smartmeter-Gateway
0430,00325,RFF,C,R,9,1,3,Referenz auf die Gerätenummer
0430,00326,RFF,C,D,9,1,3,Referenz auf die ID einer Messlokation
0430,00327,RFF,C,D,9,9,3,Referenz auf die ID einer Marktlokation
0430,00328,RFF,C,D,9,1,3,Konfigurations-ID
0440,00329,PIA,C,R,9,1,3,"OBIS-Kennzahl der Zähleinrichtung / Smartmeter-
Gateway"
0500,,SG10,C,D,99,1,3,Wertegranularität
0510,00330,CCI,M,M,1,1,3,Wertegranularität
0520,00331,CAV,C,R,99,1,4,Wertegranularität
0500,,SG10,C,D,99,1,3,Zugeordnete Zählzeitdefinition
0510,00332,CCI,M,M,1,1,3,Zugeordnete Zählzeitdefinition
0500,,SG10,C,D,99,1,3,Zugeordnetes Zählzeitregister 
0510,00333,CCI,M,M,1,1,3,Zugeordnetes Zählzeitregister 
0500,,SG10,C,D,99,1,3,Vor- und Nachkommastellen des Zählwerks
0510,00334,CCI,M,M,1,1,3,Vor- und Nachkommastellen des Zählwerks
0520,00335,CAV,C,R,99,1,4,Vor- und Nachkommastellen des Zählwerks
0500,,SG10,C,D,99,1,3,Bezeichnung des Zählwerks auf dem Gerät
0510,00336,CCI,M,M,1,1,3,Bezeichnung des Zählwerks auf dem Gerät
0500,,SG10,C,D,99,1,3,Schwachlastfähigkeit
0510,00337,CCI,M,M,1,1,3,Schwachlastfähigkeit
0410,,SG8,C,D,99999,99999,2,Wandlerdaten
0420,00338,SEQ,M,M,1,1,2,Wandlerdaten
0430,00339,RFF,C,D,9,9,3,Referenz auf die Gerätenummer
0500,,SG10,C,D,99,1,3,Wandler
0510,00340,CCI,M,M,1,1,3,Wandler
0520,00341,CAV,C,D,99,3,4,Identifikation / Nummer des Gerätes
0520,00342,CAV,C,D,99,1,4,Wandlertyp und Faktor
0410,,SG8,C,D,99999,99999,2,Kommunikationseinrichtungsdaten
0420,00343,SEQ,M,M,1,1,2,Kommunikationseinrichtungsdaten
0430,00344,RFF,C,D,9,9,3,Referenz auf die Gerätenummer
0500,,SG10,C,D,99,1,3,Kommunikationseinrichtung
0510,00345,CCI,M,M,1,1,3,Kommunikationseinrichtung
0520,00346,CAV,C,R,99,1,4,Identifikation / Nummer des Gerätes
0520,00347,CAV,C,D,99,1,4,Kommunikationseinrichtungstyp
0410,,SG8,C,D,99999,99999,2,Daten der technischen Steuereinrichtung
0420,00348,SEQ,M,M,1,1,2,Daten der technischen Steuereinrichtung
0430,00349,RFF,C,D,9,9,3,Referenz auf die Gerätenummer
0500,,SG10,C,D,99,1,3,Technische Steuereinrichtung
0510,00350,CCI,M,M,1,1,3,Technische Steuereinrichtung
0520,00351,CAV,C,R,99,1,4,Identifikation / Nummer des Gerätes
0520,00352,CAV,C,D,99,1,4,Technische Steuereinrichtungstyp
0410,,SG8,C,D,99999,99999,2,Smartmeter-Gateway
0420,00353,SEQ,M,M,1,1,2,Smartmeter-Gateway
0500,,SG10,C,R,99,1,3,Smartmeter-Gateway
0510,00354,CCI,M,M,1,1,3,Smartmeter-Gateway
0520,00355,CAV,C,R,99,1,4,Identifikation / Nummer des Gerätes
0410,,SG8,C,D,99999,99999,2,Daten der Steuerbox
0420,00356,SEQ,M,M,1,1,2,Daten der Steuerbox
0430,00357,RFF,C,D,9,1,3,Referenz auf das Smartmeter-Gateway
0430,00358,RFF,C,D,9,9,3,Referenz auf die ID der Marktlokation
0500,,SG10,C,R,99,1,3,Steuerbox
0510,00359,CCI,M,M,1,1,3,Steuerbox
0520,00360,CAV,C,R,99,1,4,Identifikation / Nummer des Gerätes
0410,,SG8,C,D,99999,99999,2,Profildaten
0420,00361,SEQ,M,M,1,1,2,Profildaten
0430,00362,RFF,C,D,9,1,3,Versionsangabe des Profils
0430,00363,RFF,C,D,9,1,3,Referenz auf die ID der Marktlokation
0500,,SG10,C,D,99,1,3,Profiltyp
0510,00364,CCI,M,M,1,1,3,Profiltyp
0500,,SG10,C,D,99,1,3,Normiertes Profil
0510,00365,CCI,M,M,1,1,3,Normiertes Profil
0520,00366,CAV,C,R,99,1,4,Normiertes Profil
0500,,SG10,C,D,99,1,3,Normierungsfaktor
0510,00367,CCI,M,M,1,1,3,Normierungsfaktor
0500,,SG10,C,D,99,99,3,Bilanzierungsgebiet
0510,00368,CCI,M,M,1,1,3,Bilanzierungsgebiet
0410,,SG8,C,D,99999,1,2,Profildaten der beteiligten Marktrolle
0420,00369,SEQ,M,M,1,1,2,Profildaten der beteiligten Marktrolle
0500,,SG10,C,R,99,1,3,Normiertes Profil
0510,00370,CCI,M,M,1,1,3,Normiertes Profil
0520,00371,CAV,C,R,99,1,4,Normiertes Profil
0410,,SG8,C,D,99999,99999,2,Profilschardaten
0420,00372,SEQ,M,M,1,1,2,Profilschardaten
0430,00373,RFF,C,D,9,1,3,Versionsangabe des Profils
0430,00374,RFF,C,D,9,1,3,Referenz auf die ID der Marktlokation
0440,00375,PIA,C,D,9,1,3,Berechnung Tagesmitteltemperatur
0450,,SG9,C,D,99,1,3,Anteil A der äquivalenten Tagesmitteltemperatur
0460,00376,QTY,M,M,1,1,3,Anteil A
0450,,SG9,C,D,99,1,3,Anteil B der äquivalenten Tagesmitteltemperatur
0460,00377,QTY,M,M,1,1,3,Anteil B
0450,,SG9,C,D,99,1,3,Anteil C der äquivalenten Tagesmitteltemperatur
0460,00378,QTY,M,M,1,1,3,Anteil C
0450,,SG9,C,D,99,1,3,Anteil D der äquivalenten Tagesmitteltemperatur
0460,00379,QTY,M,M,1,1,3,Anteil D
0450,,SG9,C,D,99,1,3,Begrenzungstemperatur
0460,00380,QTY,M,M,1,1,3,Begrenzungstemperatur
0500,,SG10,C,D,99,1,3,Profiltyp
0510,00381,CCI,M,M,1,1,3,Profiltyp
0500,,SG10,C,D,99,1,3,Profilschar
0510,00382,CCI,M,M,1,1,3,Profilschar
0520,00383,CAV,C,R,99,1,4,Profilschar
0500,,SG10,C,D,99,1,3,Normiertes Profil
0510,00384,CCI,M,M,1,1,3,Normiertes Profil
0520,00385,CAV,C,R,99,1,4,Normiertes Profil
0500,,SG10,C,D,99,1,3,Normierungsfaktor
0510,00386,CCI,M,M,1,1,3,Normierungsfaktor
0500,,SG10,C,D,99,1,3,Begrenzungskonstante
0510,00387,CCI,M,M,1,1,3,Begrenzungskonstante
0500,,SG10,C,D,99,1,3,Klimazone / Temperaturmessstelle
0510,00388,CCI,M,M,1,1,3,Klimazone / Temperaturmessstelle
0500,,SG10,C,D,99,99,3,Bilanzierungsgebiet
0510,00389,CCI,M,M,1,1,3,Bilanzierungsgebiet
0410,,SG8,C,D,99999,99999,2,Referenzprofildaten
0420,00390,SEQ,M,M,1,1,2,Referenzprofildaten
0430,00391,RFF,C,D,9,1,3,Versionsangabe des Profils
0430,00392,RFF,C,D,9,1,3,Referenz auf die ID der Marktlokation
0500,,SG10,C,D,99,1,3,Profiltyp
0510,00393,CCI,M,M,1,1,3,Profiltyp
0500,,SG10,C,D,99,1,3,Referenzprofil
0510,00394,CCI,M,M,1,1,3,Referenzprofil
0520,00395,CAV,C,R,99,1,4,Referenzprofil
0500,,SG10,C,D,99,1,3,Normierungsfaktor
0510,00396,CCI,M,M,1,1,3,Normierungsfaktor
0500,,SG10,C,D,99,99,3,Bilanzierungsgebiet
0510,00397,CCI,M,M,1,1,3,Bilanzierungsgebiet
0410,,SG8,C,D,99999,99999,2,Daten der Summenzeitreihe
0420,00398,SEQ,M,M,1,1,2,Daten der Summenzeitreihe
0430,00399,RFF,C,D,9,1,3,Referenz auf die ID der Summenzeitreihe
0430,00400,RFF,C,D,9,1,3,Versionsangabe der Summenzeitreihe
0500,,SG10,C,D,99,1,3,Bezeichnung der Summenzeitreihe
0510,00401,CCI,M,M,1,1,3,Bezeichnung der Summenzeitreihe
0520,00402,CAV,C,R,99,1,4,Bezeichnung der Summenzeitreihe
0500,,SG10,C,D,99,1,3,Verantwortliche Marktrolle für Summenzeitreihe
0510,00403,CCI,M,M,1,1,3,Verantwortliche Marktrolle für Summenzeitreihe
0500,,SG10,C,D,99,1,3,Regelzone
0510,00404,CCI,M,M,1,1,3,Regelzone
0500,,SG10,C,D,99,2,3,Bilanzierungsgebiet
0510,00405,CCI,M,M,1,1,3,Bilanzierungsgebiet
0500,,SG10,C,D,99,1,3,Bilanzkreis
0510,00406,CCI,M,M,1,1,3,Bilanzkreis
0500,,SG10,C,D,99,1,3,Zeitreihentyp
0510,00407,CCI,M,M,1,1,3,Zeitreihentyp
0520,00408,CAV,C,R,99,1,4,Zeitreihentyp
0500,,SG10,C,D,99,1,3,Bezugszeitraum der Summenzeitreihe
0510,00409,CCI,M,M,1,1,3,Bezugszeitraum der Summenzeitreihe
0520,00410,CAV,C,R,99,1,4,Bezugszeitraum der Summenzeitreihe
0500,,SG10,C,D,99,1,3,Spannungsebene der Summenzeitreihe
0510,00411,CCI,M,M,1,1,3,Spannungsebene der Summenzeitreihe
0520,00412,CAV,C,R,99,1,4,Spannungsebene der Summenzeitreihe
0520,00413,CAV,C,D,99,1,4,Umspannung
0500,,SG10,C,D,99,1,3,Datenstatus zur Zeitreihe für Bilanzkreissummen
0510,00414,CCI,M,M,1,1,3,Datenstatus zur Zeitreihe für Bilanzkreissummen
0500,,SG10,C,D,99,1,3,Zuordnungs Regel des ZP der NGZ zur NZR
0510,00415,CCI,M,M,1,1,3,Zuordnungs Regel des ZP der NGZ zur NZR
0410,,SG8,C,D,99999,99999,2,Produkt-Daten der Summenzeitreihe
0420,00416,SEQ,M,M,1,1,2,Produkt-Daten der Summenzeitreihe
0440,00417,PIA,C,R,9,1,3,Produktidentifikation der Summenzeitreihe
0450,,SG9,C,D,99,1,3,Energiemenge
0460,00418,QTY,M,M,1,1,3,Energiemenge
0470,00419,DTM,C,R,9,1,4,Beginn Messperiode
0470,00420,DTM,C,R,9,1,4,Ende Messperiode
0450,,SG9,C,D,99,1,3,Korrekturfaktor
0460,00421,QTY,M,M,1,1,3,Korrekturfaktor
0410,,SG8,C,D,99999,99999,2,Daten der Überführungszeitreihe
0420,00422,SEQ,M,M,1,1,2,Daten der Überführungszeitreihe
0430,00423,RFF,C,D,9,1,3,Versionsangabe der Zeitreihe
0500,,SG10,C,R,99,1,3,Überführungszeitreihentyp
0510,00424,CCI,M,M,1,1,3,Überführungszeitreihentyp
0520,00425,CAV,C,R,99,1,4,Überführungszeitreihentyp
0500,,SG10,C,D,99,1,3,Regelzone
0510,00426,CCI,M,M,1,1,3,Regelzone
0500,,SG10,C,D,99,1,3,Bilanzkreis
0510,00427,CCI,M,M,1,1,3,Bilanzkreis
0500,,SG10,C,D,99,1,3,Bilanzkreis-an
0510,00428,CCI,M,M,1,1,3,Bilanzkreis-an
0500,,SG10,C,D,99,1,3,Bilanzkreis-von
0510,00429,CCI,M,M,1,1,3,Bilanzkreis-von
0500,,SG10,C,D,99,1,3,Bilanzierungsgebiet
0510,00430,CCI,M,M,1,1,3,Bilanzierungsgebiet
0500,,SG10,C,D,99,1,3,Datenstatus zur Überführungszeitreihe
0510,00431,CCI,M,M,1,1,3,Datenstatus zur Überführungszeitreihe
0410,,SG8,C,D,99999,99999,2,Produkt-Daten der Überführungszeitreihe
0420,00432,SEQ,M,M,1,1,2,Produkt-Daten der Überführungszeitreihe
0440,00433,PIA,C,R,9,1,3,Produktidentifikation der Überführungszeitreihe
0450,,SG9,C,D,99,1,3,Energiemenge
0460,00434,QTY,M,M,1,1,3,Energiemenge
0470,00435,DTM,C,R,9,1,4,Beginn Messperiode
0470,00436,DTM,C,R,9,1,4,Ende Messperiode
0410,,SG8,C,D,99999,1,2,Datenstand des ÜNB
0420,00437,SEQ,M,M,1,1,2,Datenstand des ÜNB
0450,,SG9,C,D,99,1,3,Veranschlagte Jahresmenge gesamt
0460,00438,QTY,M,M,1,1,3,Veranschlagte Jahresmenge gesamt
0450,,SG9,C,R,99,1,3,Energiemenge DZÜ Anteil
0460,00439,QTY,M,M,1,1,3,Energiemenge DZÜ Anteil
0470,00440,DTM,C,R,9,1,4,Bilanzierungsbeginn
0470,00441,DTM,C,R,9,1,4,Bilanzierungsende
0450,,SG9,C,D,99,1,3,Zu bilanzierende Energiemenge
0460,00442,QTY,M,M,1,1,3,Zu bilanzierende Energiemenge
0470,00443,DTM,C,R,9,1,4,Bilanzierungsbeginn
0470,00444,DTM,C,R,9,1,4,Bilanzierungsende
0500,,SG10,C,D,99,1,3,Bilanzkreis
0510,00445,CCI,M,M,1,1,3,Bilanzkreis
0500,,SG10,C,D,99,1,3,Bilanzierungsgebiet
0510,00446,CCI,M,M,1,1,3,Bilanzierungsgebiet
0500,,SG10,C,D,99,1,3,Zeitreihentyp
0510,00447,CCI,M,M,1,1,3,Zeitreihentyp
0520,00448,CAV,C,R,99,1,4,Zeitreihentyp
0500,,SG10,C,D,99,1,3,Normiertes Profil
0510,00449,CCI,M,M,1,1,3,Normiertes Profil
0520,00450,CAV,C,R,99,1,4,Normiertes Profil
0500,,SG10,C,R,99,1,3,Aggregationsverantwortung in MaBiS
0510,00451,CCI,M,M,1,1,3,Aggregationsverantwortung in MaBiS
0520,00452,CAV,C,R,99,1,4,Betriebssituation der Lokation
0410,,SG8,C,D,99999,99999,2,Datenstand des NB
0420,00453,SEQ,M,M,1,1,2,Datenstand des NB
0450,,SG9,C,D,99,1,3,Veranschlagte Jahresmenge gesamt
0460,00454,QTY,M,M,1,1,3,Veranschlagte Jahresmenge gesamt
0450,,SG9,C,D,99,1,3,Zu bilanzierende Energiemenge
0460,00455,QTY,M,M,1,1,3,Zu bilanzierende Energiemenge
0470,00456,DTM,C,R,9,1,4,Bilanzierungsbeginn
0470,00457,DTM,C,R,9,1,4,Bilanzierungsende
0500,,SG10,C,D,99,1,3,Bilanzkreis
0510,00458,CCI,M,M,1,1,3,Bilanzkreis
0500,,SG10,C,D,99,1,3,Bilanzierungsgebiet
0510,00459,CCI,M,M,1,1,3,Bilanzierungsgebiet
0500,,SG10,C,D,99,1,3,Zeitreihentyp
0510,00460,CCI,M,M,1,1,3,Zeitreihentyp
0520,00461,CAV,C,R,99,1,4,Zeitreihentyp
0500,,SG10,C,D,99,1,3,Normiertes Profil
0510,00462,CCI,M,M,1,1,3,Normiertes Profil
0520,00463,CAV,C,R,99,1,4,Normiertes Profil
0500,,SG10,C,R,99,1,3,Aggregationsverantwortung in MaBiS
0510,00464,CCI,M,M,1,1,3,Aggregationsverantwortung in MaBiS
0520,00465,CAV,C,R,99,1,4,Betriebssituation der Lokation
0410,,SG8,C,D,99999,99,2,Abgerechnete Daten der Bilanzkreissummenzeitreihe 
0420,00466,SEQ,M,M,1,1,2,Abgerechnete Daten der Bilanzkreissummenzeitreihe 
0430,00467,RFF,C,D,9,1,3,Referenz auf die ID der Bilanzkreissummenzeitreihe
0430,00468,RFF,C,D,9,1,3,Versionsangabe der Summenzeitreihe
0450,,SG9,C,D,99,1,3,Veranschlagte Jahresmenge gesamt
0460,00469,QTY,M,M,1,1,3,Veranschlagte Jahresmenge gesamt
0450,,SG9,C,D,99,1,3,Tatsächlich bilanzierte Energiemenge
0460,00470,QTY,M,M,1,1,3,Tatsächlich bilanzierte Energiemenge
0470,00471,DTM,C,R,9,1,4,Bilanzierungsbeginn
0470,00472,DTM,C,R,9,1,4,Bilanzierungsende
0500,,SG10,C,D,99,1,3,Bilanzkreis
0510,00473,CCI,M,M,1,1,3,Bilanzkreis
0500,,SG10,C,D,99,1,3,Bilanzierungsgebiet
0510,00474,CCI,M,M,1,1,3,Bilanzierungsgebiet
0500,,SG10,C,D,99,1,3,Zeitreihentyp
0510,00475,CCI,M,M,1,1,3,Zeitreihentyp
0520,00476,CAV,C,R,99,1,4,Zeitreihentyp
0500,,SG10,C,D,99,1,3,Normiertes Profil
0510,00477,CCI,M,M,1,1,3,Normiertes Profil
0520,00478,CAV,C,R,99,1,4,Normiertes Profil
0410,,SG8,C,D,99999,99,2,"Abgerechnete Daten der
Bilanzierungsgebietssummenzeitreihe"
0420,00479,SEQ,M,M,1,1,2,"Abgerechnete Daten der
Bilanzierungsgebietssummenzeitreihe"
0430,00480,RFF,C,D,9,1,3,"Referenz auf die ID der
Bilanzierungsgebietssummenzeitreihe"
0430,00481,RFF,C,D,9,1,3,Versionsangabe der Summenzeitreihe
0450,,SG9,C,D,99,1,3,Veranschlagte Jahresmenge gesamt
0460,00482,QTY,M,M,1,1,3,Veranschlagte Jahresmenge gesamt
0450,,SG9,C,D,99,1,3,Tatsächlich bilanzierte Energiemenge
0460,00483,QTY,M,M,1,1,3,Tatsächlich bilanzierte Energiemenge
0470,00484,DTM,C,R,9,1,4,Bilanzierungsbeginn
0470,00485,DTM,C,R,9,1,4,Bilanzierungsende
0500,,SG10,C,D,99,1,3,Bilanzierungsgebiet
0510,00486,CCI,M,M,1,1,3,Bilanzierungsgebiet
0500,,SG10,C,D,99,1,3,Zeitreihentyp
0510,00487,CCI,M,M,1,1,3,Zeitreihentyp
0520,00488,CAV,C,R,99,1,4,Zeitreihentyp
0500,,SG10,C,D,99,1,3,Normiertes Profil
0510,00489,CCI,M,M,1,1,3,Normiertes Profil
0520,00490,CAV,C,R,99,1,4,Normiertes Profil
0410,,SG8,C,D,99999,99999,2,Daten des Kunden des Lieferanten
0420,00491,SEQ,M,M,1,1,2,Daten des Kunden des Lieferanten
0500,,SG10,C,R,99,1,3,Grundlage zur Verringerung der Umlagen nach EnFG
0510,00492,CCI,M,M,1,1,3,Grundlage zur Verringerung der Umlagen nach EnFG
0520,00493,CAV,C,D,99,5,4,Grund der Privilegierung nach EnFG
0570,,SG12,C,D,99,99,2,Kunde des Lieferanten
0580,00494,NAD,M,M,1,1,2,Kunde des Lieferanten
0590,00495,RFF,C,D,9,1,3,Referenz auf Zeitraum.ID
0590,00496,RFF,C,D,9,1,3,Kundennummer beim Lieferanten
0590,00497,RFF,C,D,9,1,3,Referenz auf die ID der Marktlokation
0570,,SG12,C,D,99,99,2,Korrespondenzanschrift des Kunden des Lieferanten
0580,00498,NAD,M,M,1,1,2,Korrespondenzanschrift des Kunden des Lieferanten
0590,00499,RFF,C,D,9,1,3,Referenz auf Zeitraum.ID
0590,00500,RFF,C,D,9,1,3,Referenz auf die ID der Marktlokation
0570,,SG12,C,D,99,99,2,Kunde des Messstellenbetreibers
0580,00501,NAD,M,M,1,1,2,Kunde des Messstellenbetreibers
0590,00502,RFF,C,D,9,1,3,Referenz auf Zeitraum.ID
0590,00503,RFF,C,D,9,1,3,Referenz auf die ID der Messlokation
0570,,SG12,C,D,99,99,2,"Korrespondenzanschrift des Kunden des
Messstellenbetreibers"
0580,00504,NAD,M,M,1,1,2,"Korrespondenzanschrift des Kunden des
Messstellenbetreibers"
0590,00505,RFF,C,D,9,1,3,Referenz auf Zeitraum.ID
0570,,SG12,C,D,99,99,2,Kunde des Netzbetreibers
0580,00506,NAD,M,M,1,1,2,Kunde des Netzbetreibers
0590,00507,RFF,C,D,9,1,3,Referenz auf Zeitraum.ID
0590,00508,RFF,C,D,9,1,3,Referenz auf die ID der Marktlokation
0570,,SG12,C,D,99,99,2,Korrespondenzanschrift des Kunden des Netzbetreibers
0580,00509,NAD,M,M,1,1,2,Korrespondenzanschrift des Kunden des Netzbetreibers
0590,00510,RFF,C,D,9,1,3,Referenz auf Zeitraum.ID
0590,00511,RFF,C,D,9,1,3,Referenz auf die ID der Marktlokation
0570,,SG12,C,D,99,99,2,Anschlussnehmer
0580,00512,NAD,M,M,1,1,2,Anschlussnehmer
0590,00513,RFF,C,D,9,1,3,Referenz auf Zeitraum.ID
0570,,SG12,C,D,99,99,2,Hausverwalter
0580,00514,NAD,M,M,1,1,2,Hausverwalter
0590,00515,RFF,C,D,9,1,3,Referenz auf Zeitraum.ID
0570,,SG12,C,D,99,99,2,Beteiligter Marktpartner MP-ID
0580,00516,NAD,M,M,1,1,2,Beteiligter Marktpartner MP-ID
0590,00517,RFF,C,D,9,9,3,Referenz auf die ID einer Marktlokation / Tranche
0570,,SG12,C,D,99,99,2,Marktlokationsanschrift
0580,00518,NAD,M,M,1,1,2,Marktlokationsanschrift
0590,00519,RFF,C,D,9,1,3,Referenz auf Zeitraum.ID
0570,,SG12,C,D,99,99,2,Messlokationsadresse
0580,00520,NAD,M,M,1,1,2,Messlokationsadresse
0590,00521,RFF,C,D,9,1,3,Referenz auf Zeitraum.ID
0590,00522,RFF,C,D,9,1,3,Referenz auf die ID einer Messlokation
0570,,SG12,C,D,99,9,2,Name und Adresse für die Ablesekarte
0580,00523,NAD,M,M,1,1,2,Name und Adresse für die Ablesekarte
0590,00524,RFF,C,D,9,1,3,Referenz auf Zeitraum.ID
0590,00525,RFF,C,D,9,9,3,Referenz auf die ID einer Messlokation
0670,00526,UNT,M,M,1,1,0,Nachrichten-Endesegment
